id,track_name,size_bytes,price,rating_count_tot,rating_count_ver,user_rating,prime_genre,
284882215,Facebook,389879808,0,2974676,212,3.5,Social Networking,
389801252,Instagram,113954816,0,2161558,1289,4.5,Photo & Video,
420009108,Temple Run,65921024,0,1724546,3842,4.5,Games,
284035177,Pandora - Music & Radio,130242560,0,1126879,3594,4,Music,
429047995,Pinterest,74778624,0,1061624,1814,4.5,Social Networking,
282935706,Bible,92774400,0,985920,5320,4.5,Reference,
324684580,Spotify Music,132510720,0,878563,8253,4.5,Music,
343200656,Angry Birds,175966208,0,824451,107,4.5,Games,
362949845,Fruit Ninja Classic,104590336,1.99,698516,132,4.5,Games,
359917414,Solitaire,101943296,0,679055,9673,4.5,Games,
469369175,CSR Racing,524803072,0,677247,2029,4.5,Games,
293778748,PAC-MAN,100849664,0,508808,99,3,Games,
341232718,Calorie Counter & Diet Tracker by MyFitnessPal,152700928,0,507706,181,4.5,Health & Fitness,
440045374,DragonVale,153074688,0,503230,282,4.5,Games,
295646461,"The Weather Channel: Forecast, Radar & Alerts",199734272,0,495626,5893,3.5,Weather,
284815942,Google – Search made just for mobile,179979264,0,479440,203,3.5,Utilities,
466965151,The Sims™ FreePlay,695603200,0,446880,1832,4.5,Games,
293622097,Google Earth,37214208,0,446185,1359,3.5,Travel,
350642635,Plants vs. Zombies,105379840,0.99,426463,680,5,Games,
352683833,"Groupon - Deals, Coupons & Discount Shopping App",127382528,0,417779,914,4.5,Shopping,
422667065,Tiny Tower - Free City Building,124720128,0,414803,4536,4.5,Games,
457446957,Jetpack Joyride,108813312,0,405647,877,4.5,Games,
284993459,"Shazam - Discover music, artists, videos & lyrics",147093504,0,402925,136,4,Music,
307727765,Doodle Jump,48741376,0.99,395261,88,4.5,Games,
297368629,Lose It! – Weight Loss Program and Calorie Counter,182054912,0,373835,402,4,Health & Fitness,
304878510,Skype for iPhone,133238784,0,373519,127,3.5,Social Networking,
366247306,▻Sudoku,71002112,0,359832,17119,4.5,Games,
333903271,Twitter,210569216,0,354058,452,3.5,News,
454638411,Messenger,275729408,0,351466,892,3,Social Networking,
323229106,"Waze - GPS Navigation, Maps & Real-time Traffic",94139392,0,345046,3040,4.5,Navigation,
310738695,Zillow Real Estate - Homes for Sale & for Rent,132632576,0,342969,88478,4.5,Lifestyle,
305343404,Tumblr,151573504,0,334293,919,4,Social Networking,
403858572,Fruit Ninja®,163801088,0,327025,82,4.5,Games,
387428400,Infinity Blade,624107810,0.99,326482,177050,5,Games,
447188370,Snapchat,203038720,0,323905,576,2.5,Photo & Video,
363590051,Netflix,125016064,0,308844,139,3.5,Entertainment,
331177714,Starbucks,135032832,0,303856,7027,4.5,Food & Drink,
421167112,My Horse,301896704,0,293857,249,4.5,Games,
290638154,iHeartRadio – Free Music & Radio Stations,116443136,0,293228,110,4,Music,
307906541,Fandango Movies - Times + Tickets,81924096,0,291787,589,4,Entertainment,
317469184,"ESPN: Get scores, news, alerts & watch live sports",51538944,0,290996,150,3.5,Sports,
310633997,WhatsApp Messenger,135044096,0,287589,73088,4.5,Social Networking,
282614216,"eBay: Best App to Buy, Sell, Save! Online Shopping",128512000,0,262241,649,4,Shopping,
357218860,Kik,151864320,0,260965,228,4,Social Networking,
436491861,Domino's Pizza USA,105743360,0,258624,2481,5,Food & Drink,
302584613,"Kindle – Read eBooks, Magazines & Textbooks",169747456,0,252076,80,3.5,Book,
298867247,Chase Mobile℠,39505920,0,233270,14625,4.5,Finance,
300238550,"Mint: Personal Finance, Budget, Bills & Money",162891776,0,232940,683,4,Finance,
284910350,"Yelp - Nearby Restaurants, Shopping & Services",167407616,0,223885,3726,4,Travel,
469960709,Bejeweled Blitz,91591680,0,221002,131,4,Games,
417817520,Tiny Wings,30252032,0.99,219418,328,4.5,Games,
322423174,Traffic Rush,8573952,0.99,213092,51,3.5,Games,
364252504,"The Weather Channel App for iPad – best local forecast, radar map, and storm tracking",59101184,0,208648,25664,4,Weather,
308750436,Dictionary.com Dictionary & Thesaurus,111275008,0,200047,177,4,Reference,
328415391,Yahoo Fantasy Sports,131000320,0,190670,19,3.5,Sports,
281940292,"WeatherBug - Local Weather, Radar, Maps, Alerts",100524032,0,188583,2822,3.5,Weather,
439873467,Magic Jigsaw Puzzles,235259904,0,187666,1263,4.5,Games,
301387274,Pocket God,145293312,0.99,187529,1071,4,Entertainment,
303849934,Beer Pong Game,188956672,0,187315,9,2,Games,
346453382,Glow Hockey 2 FREE,34056767,0,186653,226,3.5,Games,
431946152,ROBLOX,115178496,0,183621,300,4.5,Games,
342792525,IMDb Movies & TV - Trailers and Showtimes,88702976,0,183425,4724,4.5,Entertainment,
289523017,Blackjack by MobilityWare,105431040,0,180087,1101,3.5,Games,
428845974,"ooVoo – Free Video Call, Text and Voice",113510400,0,177501,1014,4.5,Social Networking,
332568551,TRUTH or DARE!!! - FREE,20795392,0,171055,31,3,Entertainment,
420635506,Angry Birds Rio,138319872,0,170843,123,4.5,Games,
314716233,TextNow - Unlimited Text + Calls,130637824,0,164963,69,3.5,Social Networking,
382617920,Viber Messenger – Text & Call,129657856,0,164249,206,4.5,Social Networking,
363282253,Plants vs. Zombies HD,225859584,0.99,163598,503,5,Games,
281796108,Evernote - stay organized,158578688,0,161065,26,4,Productivity,
429009175,WatchESPN,33714176,0,159735,2556,4,Sports,
447689011,Infinity Blade II,1344401408,0.99,153588,595,4.5,Games,
322439990,MyRadar NOAA Weather Radar Forecast,127284224,0,150158,3392,4.5,Weather,
309025938,The Masters Tournament,120725504,0,148160,63,4.5,Sports,
406719683,GasBuddy,145240064,0,145549,330,4.5,Travel,
300048137,AccuWeather - Weather for Life,181941248,0,144214,2162,3.5,Weather,
443637419,Racing Penguin Free - Top Flying and Diving Game,79857664,0,141224,1909,4.5,Games,
286058814,"Yahoo Sports - Teams, Scores, News & Highlights",130583552,0,137951,131,4,Sports,
331308914,Weight Watchers,230720512,0,136833,64,3.5,Health & Fitness,
422689480,"Gmail - email by Google: secure, fast & organized",236067840,0,135962,677,4,Productivity,
336353151,SoundCloud - Music & Audio,105009152,0,135744,594,4,Music,
367623543,Fox News,64705536,0,132703,394,4,News,
421254504,Magic Piano by Smule,55030784,0,131695,1102,4.5,Music,
449735650,Where's My Water?,90853376,1.99,131656,484,4.5,Games,
383298204,shopkick - Shopping Rewards & Discounts,74822656,0,130823,29363,4.5,Shopping,
381471023,Flashlight Ⓞ,42027008,0,130450,1010,5,Utilities,
395979574,Spider Solitaire Free by MobilityWare,91588608,0,128739,5515,4.5,Games,
416023011,My Verizon,150791168,0,126948,107245,4.5,Utilities,
297606951,"Amazon App: shop, scan, compare, and read reviews",133688320,0,126312,22,3.5,Shopping,
448639966,Pic Collage - Picture Editor & Photo Collage Maker,109210624,0,123433,1521,5,Photo & Video,
288113403,iTranslate - Language Translator & Dictionary,287933440,0,123215,25,3.5,Productivity,
318592730,Guess My Age  Math Magic,767126,0,123190,68841,3,Education,
284847138,Bank of America - Mobile Banking,160925696,0,119773,2336,3.5,Finance,
283646709,PayPal - Send and request money safely,227795968,0,119487,879,4,Finance,
326885152,Mad Libs,118498304,0,117889,725,3,Entertainment,
471063940,Call of Duty: Black Ops Zombies,880267264,6.99,116601,5839,4.5,Games,
311972587,Sky Burger - Build & Match Food Free,146228224,0,114096,2157,4.5,Games,
296581815,OpenTable - Restaurant Reservations,93420544,0,113936,150,4.5,Food & Drink,
331786748,"CNN: Breaking US & World News, Live Video",80211968,0,112886,298,3.5,News,
418987775,TuneIn Radio - MLB NBA Audiobooks Podcasts Music,101735424,0,110420,370,4.5,Music,
460177396,Twitch,79983616,0,109549,149,4.5,Entertainment,
299515267,Allrecipes Dinner Spinner,36399104,0,109349,1540,3.5,Food & Drink,
309172177,myAT&T,68491264,0,108507,628,3,Utilities,
297430070,Target,138754048,0,108131,13,3,Shopping,
313199385,Sunday Lawn,16086016,0.99,107727,55,3.5,Games,
284815117,SCRABBLE Premium,227547136,7.99,105776,166,3.5,Games,
379693831,"Audible – audio books, original series & podcasts",81558528,0,105274,1774,4.5,Book,
320606217,Sleep Cycle alarm clock,79315968,0,104539,11,4.5,Health & Fitness,
392988420,"Zappos: shop shoes & clothes, fast free shipping",70325248,0,103655,39452,5,Shopping,
399355755,Text Free: Free Texting + Calling + MMS,136184832,0,100477,35,4,Lifestyle,
398129933,The Calculator - Free and Easy Calculating!,84945920,0,99244,1760,4.5,Utilities,
454086751,Flick Home Run !,27196416,0.99,98851,478,4.5,Games,
339440515,Voice Changer Plus,40722432,0,98777,233,3,Entertainment,
429610587,iFunny :),66599936,0,98344,877,3.5,Entertainment,
372648912,MeetMe - Chat and Meet New People,133956608,0,97072,143,4,Social Networking,
462638897,Fitbit,132913152,0,90496,399,4,Health & Fitness,
364234221,Angry Birds HD,176164864,0,89110,114,4.5,Games,
335364882,"Walgreens – Pharmacy, Photo, Coupons and Shopping",169138176,0,88885,333,4.5,Shopping,
312343159,The Moron Test,45712384,0,88613,392,4,Entertainment,
444844790,Scribblenauts Remix,209452032,0.99,86127,179,4.5,Games,
355554941,SoundHound Song Search & Music Player,70516736,0,82602,13,4,Music,
307386350,DIRECTV,151397376,0,81006,25,3.5,Entertainment,
314855255,Best Buy,180500480,0,80424,46,4,Shopping,
454781476,Zombieville USA 2,175780864,0.99,79683,597,4.5,Games,
364191819,ABC – Watch Live TV & Stream Full Episodes,85724160,0,78890,449,3,Entertainment,
284791396,Solitaire by MobilityWare,49618944,4.99,76720,4017,4.5,Games,
433592592,Nyan Cat: Lost In Space,96872448,0,76392,700,4.5,Games,
398329664,Angry Birds Seasons HD,710486016,0,75714,481,4,Games,
372513032,"Tango - Free Video Call, Voice and Chat",134848512,0,75412,66,4.5,Social Networking,
288429040,LinkedIn,273844224,0,71856,62,3.5,Social Networking,
319295332,TuneIn Radio Pro - MLB Audiobooks Podcasts Music,101925888,9.99,71609,99,4.5,Music,
338137227,"Walmart: Free 2-Day Shipping,* Easy Store Shopping",146507776,0,70286,51,3,Shopping,
420636551,Angry Birds Rio HD,226899968,0,70122,251,4.5,Games,
366869252,OverDrive – Library eBooks and Audiobooks,39844864,0,65450,2721,4,Book,
300704847,Speedtest by Ookla,23936000,0,65016,274,3.5,Utilities,
338057689,Call of Duty: Zombies,52821364,4.99,63943,31264,4,Games,
450542233,Cut the Rope: Experiments,124532736,0.99,63272,305,4.5,Games,
305939712,Match™ - #1 Dating App.,101259264,0,60659,57,3,Social Networking,
424216726,Countdown‼ (Event Reminders and Timer),81287168,0,60490,1102,4,Lifestyle,
339532909,Redbox,83906560,0,60236,58,3,Entertainment,
442012681,Skype for iPad,129096704,0,60163,104,4,Social Networking,
307184892,"CBS Sports App - Sports Scores, News, Stats, Watch",120357888,0,59639,11,3,Sports,
302049354,Phase 10 Pro - Play Your Friends!,66695168,1.99,59155,101,4.5,Games,
294056623,FOX Sports Mobile,72748032,0,57500,103,3,Sports,
468996152,OfferUp - Buy. Sell. Simple.,73138176,0,57348,1213,4.5,Shopping,
421998342,Talking Tom Cat 2 for iPad,73111552,0,56399,98,4,Entertainment,
284876795,TripAdvisor Hotels Flights Restaurants,207907840,0,56194,87,4,Travel,
376510438,Hulu: Watch TV Shows & Stream the Latest Movies,99568640,0,56170,1264,2,Entertainment,
407558537,Capital One Mobile,273259520,0,56110,57,4.5,Finance,
442839435,NBC – Watch Now and Stream Full TV Episodes,135252992,0,55950,248,4,Entertainment,
375380948,Apple Store,70782976,0,55171,187,3.5,Shopping,
338828953,Shop Savvy Barcode Scanner - Price Compare & Deals,89517056,0,54630,280,2.5,Shopping,
317904170,The Sims 3,430128128,6.99,54408,65,3.5,Games,
319204550,2016 U.S. Open Golf Championship,139545600,0,54192,32,4,Sports,
364740856,Dictionary.com Dictionary & Thesaurus for iPad,165748736,0,54175,10176,4.5,Reference,
466710109,HB2 PLUS,56817664,0.99,54073,73,5,Games,
309527804,StickWars,17010688,0.99,53821,165,3.5,Games,
330376830,Period Tracker Lite,50169856,0,53620,2872,4,Health & Fitness,
307569751,NYTimes Crossword - Daily Word Puzzle Game,46880768,0,53465,204,3.5,Games,
389638243,POF - Best Dating App for Conversations,59248640,0,52642,16,3.5,Social Networking,
309465525,"Shutterfly: Prints, Photo Books, Cards Made Easy",122315776,0,51427,874,4,Photo & Video,
326979430,BATTLE BEARS: Zombies!,103197675,0.99,50710,309,3.5,Games,
463630399,PINK Nation,86456320,0,49816,413,4.5,Lifestyle,
327630330,Dropbox,180804608,0,49578,16,3.5,Productivity,
368677368,Uber,283852800,0,49466,150,3,Travel,
293523031,Sonos Controller,107983872,0,48905,2691,4.5,Music,
301724680,Citi Mobile®,281244672,0,48822,193,3.5,Finance,
300255638,ABC News - US & World News + Live Video,98108416,0,48407,20,3,News,
421547368,DIRECTV App for iPad,209462272,0,47506,30,3.5,Entertainment,
392084834,Lane Splitter,106458112,0.99,44567,202,4.5,Games,
384830320,"Find My Family, Friends & iPhone - Life360 Locator",154507264,0,43877,80,4.5,Social Networking,
335744614,NBA,112074752,0,43682,19,3.5,Sports,
311548709,Wells Fargo Mobile,57328640,0,43064,216,3,Finance,
286911400,Hangman.,4765696,0,42316,248,3,Games,
292421271,Fieldrunners,66872320,2.99,41633,6,4,Games,
397049430,Super Stickman Golf,88879104,2.99,41446,566,4.5,Games,
373342398,Cat Physics,14824448,1.99,40552,238,4.5,Games,
307354030,iSwap Faces LITE,30796800,0,39722,0,3,Photo & Video,
363306776,SCRABBLE Premium for iPad,229992448,9.99,39678,114,3.5,Games,
359891723,ESPN Tournament Challenge,69057536,0,39642,492,4,Sports,
410395246,Microsoft OneNote,233533440,0,39638,1213,4.5,Productivity,
309735670,Indeed Job Search,3691520,0,38681,563,4,Business,
330803072,Camera Plus: For Macro Photos & Remote Photography,101181440,0.99,38533,36,2.5,Photo & Video,
327455869,2016 US Open Tennis Championships,77700096,0,37522,39,4,Sports,
351707231,Flick Kick Field Goal,75612160,1.99,36946,152,4.5,Games,
397836467,Hotel Dash Deluxe,50085888,0.99,36190,221,4.5,Games,
395545555,CVS Pharmacy,129167360,0,35981,237,4,Shopping,
323242790,Cartoon Wars,13216994,0.99,35930,262,3.5,Games,
429851711,Flashlight ！,14336000,0,35769,21,4.5,Utilities,
376374689,Doodle God™,121715712,1.99,35759,64,4.5,Games,
297694601,Touchgrind,55205888,4.99,35735,378,4,Games,
398348506,Gravity Guy,22577152,0.99,35161,1316,4.5,Games,
307132353,Sally's Spa,431771648,2.99,35074,403,4.5,Games,
433620759,Fishing Kings Free+,610881536,0,35058,7453,4.5,Games,
357828853,Tabs & Chords by Ultimate Guitar - learn and play,103049216,2.99,35045,250,4.5,Music,
441457218,"Photo Lab: Picture Editor, effects & fun face app",102964224,0,34585,34,4.5,Photo & Video,
414478124,WeChat,182624256,0,34584,100,4.5,Social Networking,
336860594,Victoria’s Secret – The Sexiest Bras & Lingerie,60976128,0,34507,38,3.5,Shopping,
351331194,"Badoo - Meet New People, Chat, Socialize.",157625344,0,34428,23,4.5,Social Networking,
370697773,Chase Mobile,34950144,0,34322,3167,4.5,Finance,
301521403,Nike+ Training Club - Workouts & Fitness Plans,140367872,0,33969,466,3.5,Health & Fitness,
388130466,iSlash,27619328,0.99,33868,463,4.5,Games,
289894882,White Noise,44129280,0.99,33426,299,4,Health & Fitness,
304871622,Zombieville USA,27962441,0.99,32988,2489,4,Games,
319740707,NBC News,52951040,0,32881,7,3.5,News,
314652382,I Am T-Pain 2.0,20542280,2.99,32650,754,3.5,Music,
457517348,FotoRus -Camera & Photo Editor & Pic Collage Maker,119500800,0,32558,147,5,Photo & Video,
392915994,Jenga,97562624,0,32527,4411,4.5,Games,
443369807,Hotspot Shield Free VPN Proxy & Wi-Fi Privacy,72476672,0,32499,438,4.5,Productivity,
407690035,HotelTonight - Great Deals on Last Minute Hotels,79332352,0,32341,1707,4.5,Travel,
329670577,Camera+,89187328,1.99,32338,261,4,Photo & Video,
333710667,Scanner Pro - PDF document scanner app with OCR,101346304,3.99,31912,154,4.5,Business,
285005463,Crash Bandicoot Nitro Kart 3D,10735026,2.99,31456,4178,4,Games,
367003839,Hotels & Vacation Rentals by Booking.com,105609216,0,31261,374,4.5,Travel,
416345444,Talking Ben the Dog for iPad,78565376,0,31116,77,4,Entertainment,
344542975,Southwest Airlines,88773632,0,30552,18,3,Travel,
413423472,Legendary Wars,247508992,0.99,29739,2253,4.5,Games,
304871603,Color Splash,28135424,0.99,29554,55,4,Photo & Video,
379983299,Talking Tom Cat for iPad,75417600,0,29492,51,3.5,Entertainment,
382509315,Splashtop Personal - Remote Desktop,55986176,4.99,29376,11,4.5,Business,
364901807,"Documents 6 - File manager, PDF reader and browser",107259904,0,29110,324,4.5,Productivity,
306621789,"HuffPost - News, Politics & Entertainment",110420992,0,29107,85,3,News,
404095058,Rat On A Skateboard,9458688,1.99,28672,11,4.5,Games,
342548956,TurboScan™ Pro - document & receipt scanner: scan multiple pages and photos to PDF,8821760,4.99,28388,7009,5,Business,
392796698,GroupMe,66864128,0,28260,294,4.5,Social Networking,
409838725,Splice - Video Editor + Movie Maker by GoPro,123070464,0,28189,2723,4.5,Photo & Video,
456355158,Doodle Jump FREE - BE WARNED: Insanely addictive,63676416,0,28153,100,4,Games,
448142450,Truecaller - Spam Identification & Block,84406272,0,27791,5779,4.5,Utilities,
389781154,NFL,131428352,0,27317,2,2.5,Sports,
414706506,Google Translate,65281024,0,26786,27,3.5,Reference,
340769953,Trenches,37340259,0.99,26732,1428,4,Games,
388838723,"Flashlight for iPhone , iPod and iPad",64041984,0,26697,3109,4.5,Utilities,
337021781,MONOPOLY Game,194386944,0.99,26482,331,3.5,Games,
405743220,Eden - World Builder,122429440,0.99,26419,1157,4,Games,
331804452,Gilt,148201472,0,26353,3,3.5,Shopping,
429775439,HBO GO,41109504,0,26278,9,3,Entertainment,
342138881,Sing Karaoke Songs Unlimited with StarMaker,91267072,0,26227,7,4,Music,
379869627,Living Earth - Clock & Weather,169009152,2.99,25475,71,4.5,Utilities,
380908399,Ringtones for iPhone & Ringtone Maker,109270016,0,25403,1598,4.5,Music,
455650341,Real Steel,968384512,0.99,24880,13,4.5,Games,
455612214,Flashlight ◎,37967872,0,24744,171,4.5,Business,
341776037,5-0 Radio Pro Police Scanner (Extra Feeds),49594368,3.99,24553,2620,4,News,
379323382,Osmos for iPad,41772032,4.99,24306,6,4.5,Games,
327243363,NFL Sunday Ticket,96093184,0,24258,305,3,Entertainment,
318639200,Crush the Castle,12996628,0.99,23810,582,3.5,Games,
442522082,Modern Combat 3: Fallen Nation,1978085376,6.99,23766,582,4.5,Games,
375239755,SimSimi,31358976,0,23530,7,4,Social Networking,
319881193,"Grindr - Gay and same sex guys chat, meet and date",80409600,0,23201,14,2.5,Social Networking,
323438913,Moto X Mayhem,21010210,0.99,22557,526,4,Games,
401626263,Airbnb,243776512,0,22302,0,4,Travel,
374791544,Robot Unicorn Attack,52117504,0.99,22150,1141,4,Games,
293760823,iFart - The Original Fart Sounds App,60320768,1.99,21825,10,3,Entertainment,
402370879,NBA JAM by EA SPORTS™,410202112,4.99,21648,460,4,Games,
290807369,Line Rider iRide™,1646592,1.99,21609,69,3.5,Entertainment,
314303518,Peggle Classic,223805440,0.99,21416,974,4.5,Games,
281656475,PAC-MAN Premium,100788224,3.99,21292,26,4,Games,
351727428,Venmo,68153344,0,21090,1325,4.5,Finance,
444947784,Talking Tom & Ben News for iPad,55250944,0,20988,963,4,Entertainment,
319284643,"The Championships, Wimbledon 2016 - Tennis Grand Slam",130394112,0,20953,481,4,Sports,
430200224,Photon Flash Player for iPad - Flash Video & Games plus Private Web Browser,35695616,4.99,20951,935,4,Utilities,
432749907,Dice With Buddies: Fun New Social Dice Game,409732096,2.99,20355,23,4.5,Games,
469337564,"Adobe Acrobat Reader: View, Create, & Convert PDFs",81007616,0,20069,33,4,Business,
312325565,USAA Mobile,164382720,0,19946,13,4,Finance,
316025912,Sonic The Hedgehog,36692992,2.99,19621,1191,4,Games,
342699962,Rat On A Scooter XL,7767040,0.99,19296,7,4,Games,
297606726,Fish Tycoon,13564835,0.99,18943,1787,3.5,Games,
320300350,Virtual Families,27746273,1.99,18920,3014,3.5,Games,
334503000,The Impossible Quiz!,44652544,0,18884,451,4,Entertainment,
336435697,imo video calls and chat,22562816,0,18841,0,4,Social Networking,
352509417,The Washington Post Classic,118980608,0,18572,307,4.5,News,
388389451,"Muslim Pro: Ramadan 2017 Prayer Times, Azan, Quran",100551680,0,18418,706,4.5,Reference,
329981776,Sudoku⁺,1608704,2.99,18332,1007,4.5,Games,
376412660,Carnivores: Dinosaur Hunter Pro,304654336,2.99,18306,186,4,Games,
447149103,Reckless Getaway,123644928,0.99,18259,77,4.5,Games,
470412147,Poshmark: Buy & Sell Fashion,58299392,0,18035,156,4.5,Shopping,
320029256,Whole Foods Market,137312256,0,17906,4,3,Shopping,
310303959,World Cup Table Tennis™,31387648,0.99,17776,6,4,Games,
366626332,"Runtastic PRO Running, Jogging and Fitness Tracker",149536768,4.99,17667,14,4.5,Health & Fitness,
360593530,Notability,122235904,9.99,17594,143,4,Productivity,
346184215,TaxCaster – Free tax refund calculator,7111680,0,17516,125,3.5,Finance,
314864297,I Dig It,19853312,0.99,17190,180,4,Games,
337402021,Harry Potter: Spells,125411328,0.99,17023,916,4,Games,
418075935,"Bleacher Report: Sports news, scores, & highlights",85283840,0,16979,183,4.5,Sports,
399452287,Merriam-Webster Dictionary,155593728,0,16849,1125,4.5,Reference,
386098453,Weibo HD,104387584,0,16772,293,4.5,Social Networking,
443354861,"Camera360 - Selfie Filter Camera, Photo Editor",161159168,0,16729,2,4.5,Photo & Video,
353665650,"Univision Deportes: Liga MX, MLS, Fútbol En Vivo",81876992,0,16683,21,3.5,Sports,
303337299,Wedding Dash Deluxe,55803904,0.99,16567,1155,4.5,Games,
306468004,Map My Run+ - GPS Running & Workout Tracker,237913088,2.99,16434,3,4.5,Health & Fitness,
454316134,Sonic CD,197306368,0,16358,1816,4,Games,
404593641,Cartoon Network App – Teen Titans Go! And more!,101873664,0,15984,97,3,Entertainment,
393313223,"Printer Pro - Print photos, pdf and emails",98820096,6.99,15981,440,4.5,Productivity,
458225159,"NOAA Hi-Def Radar Pro -  Storm Warnings, Hurricane Tracker & Weather Forecast",27500544,1.99,15809,628,5,Weather,
365152940,Photo Transfer App - Easy backup of photos+videos,45182976,0,15654,24,4.5,Photo & Video,
393328150,Sephora Makeup & Beauty App – Insider Tips & Style,147001344,0,15593,301,4.5,Shopping,
465092669,NHL,160124928,0,15554,124,3.5,Sports,
352247139,MyNetDiary PRO - Calorie Counter and Food Diary,83851264,3.99,15188,272,4.5,Health & Fitness,
335029050,Catan,376171520,1.99,15175,308,4,Games,
344186162,Grand Theft Auto: Chinatown Wars,878883840,4.99,15142,73,4,Games,
410351918,"Sleep Pillow Sounds: white noise, rain, ocean, fan",124150784,2.99,15116,2692,4.5,Health & Fitness,
354655665,STREET FIGHTER IV,581353472,4.99,15056,751,4,Games,
299949744,MotionX GPS,56481792,1.99,14970,24,3.5,Navigation,
373714084,BATTLE BEARS -1,227403527,0.99,14910,1003,4,Games,
445375097,爱奇艺PPS -《欢乐颂2》电视剧热播,224617472,0,14844,0,4,Entertainment,
453051448,Gangstar Rio: City of Saints,1820196864,6.99,14724,1043,4.5,Games,
382991304,Osmos,33989632,2.99,14605,23,4.5,Games,
395627741,Age of Zombies™,53805056,0.99,14493,384,4.5,Games,
397951063,Backbreaker 2: Vengeance,83214336,0.99,14491,304,4.5,Games,
438314348,Tank Hero,16048128,0.99,14361,918,4.5,Games,
333246187,Scanner911 Pro,33812480,3.99,14345,100,4,News,
389204861,The Sims 3 Ambitions,444821504,4.99,14202,638,3.5,Games,
459035295,Top Eleven 2017 - Be a Soccer Manager,144414720,0,14104,61,4.5,Games,
325683306,"MyRadar Pro NOAA Weather Radar, Forecasts & Storms",123718656,1.99,13915,205,4.5,Weather,
388336485,Ugly Meter™,30441472,0.99,13741,58,3.5,Entertainment,
423246594,NCAA March Madness Live - Men's College Basketball,113078272,0,13572,55,3,Sports,
376413870,Blackboard Mobile Learn™,51179520,0,13567,2625,2,Education,
345542655,Star Chart,28616704,0,13482,2517,4.5,Education,
289084315,Period Tracker Deluxe,40216576,1.99,13350,489,4.5,Health & Fitness,
411430426,Carnivores: Ice Age Pro,198701056,2.99,13258,62,4.5,Games,
445791750,Phoenix HD,92713984,0,13106,230,4.5,Games,
396837225,Cartoon Wars 2: Heroes,42482779,0.99,13049,1180,4.5,Games,
381342267,Stack the States®,132377600,2.99,12833,282,4.5,Education,
329541503,Geocaching®,108166144,0,12811,134,3.5,Navigation,
380090605,Let's create! Pottery HD,175157248,4.99,12787,12,4.5,Entertainment,
368494609,QR Reader for iPhone,54776832,0,12683,108,4,Utilities,
411206394,Scan - QR Code and Barcode Reader,10058752,1.99,12590,126,4.5,Utilities,
342115564,Hipstamatic,114081792,2.99,12557,6,3.5,Photo & Video,
349276209,Doodle Army,17879270,0.99,12354,1428,4,Games,
396085661,Game Dev Story,191455232,4.99,12331,11,4.5,Games,
433847884,Bike Baron,183046144,1.99,12162,57,4.5,Games,
373903654,WIRED Magazine,23879680,0,12074,43,2.5,News,
357467791,AgingBooth,31869952,0,11999,233,4,Entertainment,
398436747,"Fooducate - Lose Weight, Eat Healthy,Get Motivated",48590848,0,11875,73,4.5,Health & Fitness,
334256223,CBS News - Watch Free Live Breaking News,78047232,0,11691,44,3.5,News,
430152294,Talking Pierre the Parrot for iPad,60313600,0,11665,364,4,Entertainment,
385756768,Dictionary.com Dictionary & Thesaurus Premium,108836864,3.99,11530,81,4.5,Reference,
285994151,:) Sudoku +,6169600,2.99,11447,781,5,Games,
443904275,LINE,212208640,0,11437,11,3.5,Social Networking,
362348516,Amex Mobile,105982976,0,11421,57,4,Finance,
363998953,iAnnotate PDF,44099584,9.99,11156,8,4.5,Productivity,
391855805,Spider Solitaire by MobilityWare,39446528,4.99,11154,1862,4.5,Games,
458272450,eHarmony™ Dating App - Meet Singles,102413312,0,11124,15,2.5,Social Networking,
367287593,PrankDial - #1 Prank Call App,112515072,0,11091,415,3,Entertainment,
341036067,Macy's,107816960,0,11013,76,3.5,Shopping,
375295479,Carcassonne,359192576,9.99,10846,91,4.5,Games,
436672029,AliExpress Shopping App,133053440,0,10647,185,4,Shopping,
423198259,Chess Pro - with coach,43033600,9.99,10619,893,5,Games,
447791438,Sprinkle: Water splashing fire fighting fun!,34025472,1.99,10509,712,4.5,Games,
325462190,PGA Championship 2016 – Baltusrol Golf Club,64147456,0,10472,58,3.5,Sports,
377342622,360 Panorama,7954432,1.99,10463,193,4.5,Photo & Video,
404086528,LEGO Harry Potter: Years 1-4,475697678,4.99,10463,5018,4,Games,
443646748,"Fitness Buddy+ Gym Workout Exercise, Home Trainer",224675840,2.99,10386,58,4.5,Health & Fitness,
390422167,Catan HD,812010496,1.99,10382,281,4,Games,
439852091,5K Runner: 0 to 5K Run Trainer. Couch potato to 5K,84338688,4.99,10368,1051,5,Health & Fitness,
336599882,"Runtastic Running, Jogging and Walking Tracker",151388160,0,10298,7,4.5,Health & Fitness,
427916203,"Expedia Hotels, Flights & Vacation Package Deals",125872128,0,10278,112,3.5,Travel,
395042892,Instant Heart Rate+: Heart Rate & Pulse Monitor,189514752,4.99,10158,475,4.5,Health & Fitness,
306561234,Map My Ride+ - GPS Cycling & Route Tracker,233513984,2.99,10046,7,4.5,Health & Fitness,
346513173,"Big Button Box - funny sounds, sound effects buttons, pro fx soundboard, fun games board, scary music, annoying fart noises, jokes, super cool dj effect, cat, dog & animal fx",21450752,0.99,10031,142,4,Entertainment,
400882072,Flick Golf!,59663360,0.99,9948,211,4.5,Games,
367242040,The Impossible Game,14160896,0.99,9885,10,4,Games,
355524910,Worms 2: Armageddon,529755136,4.99,9870,12,4.5,Games,
347310316,All-in-1 Logic GameBox,22299021,0.99,9854,823,4,Games,
469284907,HP All-in-One Printer Remote,60647424,0,9819,415,4.5,Productivity,
424123969,Dude Perfect,140165120,0.99,9763,1556,4.5,Games,
345445479,The Sims 3 World Adventures,812758016,2.99,9744,42,3.5,Games,
432849519,STREET FIGHTER IV VOLT,947195904,4.99,9741,924,4.5,Games,
457876088,ASOS,141503488,0,9725,109,5,Shopping,
329887910,Parking Mania,123544576,0.99,9657,47,4.5,Games,
426382105,Toca Hair Salon,51366912,2.99,9649,29,4,Education,
347411942,Sonic the Hedgehog 2,47182848,2.99,9405,1089,4,Games,
410229362,Mad Skills Motocross,16949248,0.99,9341,53,4.5,Games,
447610616,Muffin Knight,214679552,0.99,9302,401,4.5,Games,
328205875,Monkey Preschool Lunchbox,229272576,1.99,9286,49,4,Games,
373185673,WebMD for iPad,17613824,0,9142,22,3.5,Health & Fitness,
444934666,QQ,218936320,0,9109,17,3,Social Networking,
366562751,"StubHub - Tickets to Sports, Concerts and Theatre",112609280,0,9011,49,3.5,Entertainment,
408233979,SimplePhysics,8773632,1.99,8981,66,4.5,Games,
383819300,"Ringtone Designer Pro - Create Unlimited Ringtones, Text Tones, Email Alerts, and More!",3462266,0.99,8946,1776,4.5,Music,
386592716,IKEA Catalog,122979328,0,8939,15,4,Lifestyle,
295430577,Star Walk - Find Stars And Planets in Sky Above,150195200,4.99,8932,55,4.5,Education,
379937581,Sushi Cat,62373888,0.99,8718,381,4,Games,
439438619,Snapseed,141322240,0,8683,98,4,Photo & Video,
348530331,This American Life,13725696,2.99,8657,1468,3.5,Entertainment,
435138734,PBS KIDS Video,57694208,0,8651,23,3.5,Education,
436555490,Junk Jack Retro,33743872,2.99,8632,62,4.5,Games,
437818260,SayHi Translate,26569728,0,8623,292,4.5,Business,
457687954,Doodle Jump HD,164236288,2.99,8580,12,4.5,Games,
364017607,ArtStudio for iPad - Draw Sketch and Paint,34310144,4.99,8542,543,4.5,Photo & Video,
337288863,Shazam Encore,147118080,2.99,8331,24,4,Music,
444553167,ADP Mobile Solutions,53805056,0,8324,306,4,Business,
404553553,Bloons TD 4,23447492,2.99,8304,1401,4.5,Games,
283619399,Shanghai Mahjong,10485713,0.99,8253,5516,4,Games,
397533889,Black Friday 2017 Ads App - BlackFriday.fm,23296000,0,8221,0,4.5,Shopping,
409128287,The Guardian,92966912,0,8176,13,5,News,
405622181,MONOPOLY for iPad,979909632,4.99,8165,110,3.5,Games,
382497397,Sam's Club: Wholesale Shopping & Bulk Buy Deals,113119232,0,8149,173,4,Shopping,
318304532,"Chess Pro with Coach - Learn,Play & Online Friends",69960704,9.99,8138,107,4,Games,
388491656,Fly Delta,140803072,0,8094,191,3,Travel,
460712294,Kids Doodle - Movie Kids Color & Draw,21745664,0,8025,611,4.5,Games,
315021242,Unblock Me,42926080,0.99,7973,127,4,Games,
468401854,Daily Classifieds for iPhone,93220864,0.99,7973,884,4,News,
454021277,Skins Pro Creator for Minecraft,25740288,1.99,7943,46,4.5,Utilities,
331271904,Bloons TD,8432232,2.99,7941,76,4,Games,
459189186,Machinarium,258739200,4.99,7919,73,4.5,Games,
284736660,Ms. PAC-MAN,70023168,3.99,7885,40,4,Games,
364500115,"Digits, the calculator for humans",4177920,3.99,7825,828,4.5,Productivity,
377989827,Diptic,36705280,2.99,7578,67,4.5,Photo & Video,
433508740,Bank of America - Mobile Banking for iPad,114268160,0,7569,31,3.5,Finance,
406239138,Puffin Browser Pro,63474688,3.99,7565,80,3.5,Utilities,
392188745,Noteshelf,117406720,9.99,7562,9,4.5,Productivity,
411930498,"GolfNow – Book Tee Times, Golf GPS, Scorecard",75874304,0,7535,99,4,Sports,
335875911,My Cycles Period and Ovulation Tracker,77686784,0,7469,68,3.5,Health & Fitness,
381059732,Week Calendar,81845248,1.99,7447,18,4.5,Productivity,
405667771,"聚力视频HD-人民的名义,跨界歌王全网热播",90725376,0,7446,8,4,Entertainment,
334989259,WolframAlpha,30369792,2.99,7410,82,4,Reference,
316227296,10 Pin Shuffle Pro Bowling,36647936,3.99,7315,138,4,Games,
310636441,"iStudiez Pro – Homework, Schedule, Grades",55815168,2.99,7308,15,4,Productivity,
454958810,Flick Champions HD,117258240,1.99,7289,19,4.5,Games,
350962117,Weibo,199585792,0,7265,11,3.5,Social Networking,
410896080,PlayStation®App,20168704,0,7256,491,3,Entertainment,
378352300,Edmodo,127939584,0,7197,0,3.5,Education,
364502063,"PDF Reader Pro Edition - Annotate,edit & sign PDFs",62978048,9.99,7033,119,4,Business,
394057299,Battleheart,275481600,2.99,6879,54,4.5,Games,
460494135,Watch TNT,138006528,0,6856,8,2,Entertainment,
325954996,Spider:  The Secret of Bryce Manor,126312448,1.99,6780,68,4,Games,
465694275,Zen Pinball,68499456,0,6534,94,4.5,Games,
396669943,Death Worm,29303808,0.99,6527,15,4,Games,
363486802,Star Walk HD - Night Sky Map,150221824,4.99,6503,60,4.5,Education,
416048305,Meitu,142101504,0,6478,21,5,Photo & Video,
467738064,"AEO|Aerie: Jeans, Dresses, Swimsuits & Bralettes",64024576,0,6408,77,4,Shopping,
352670055,F-Sim Space Shuttle,76394496,4.99,6403,491,4.5,Games,
433398108,PicFrame,36758528,0.99,6374,66,4.5,Photo & Video,
284862767,FreeCell,55153664,4.99,6340,668,4.5,Games,
404405151,Pocket God: Journey To Uranus,118435840,1.99,6278,98,3.5,Games,
374211477,Notes Plus,109620224,9.99,6257,15,4,Productivity,
425073498,"Procreate – Sketch, paint, create.",132968448,5.99,6109,356,4.5,Entertainment,
310951782,2XL Supercross,270729216,4.99,6093,3,4,Games,
354972939,FINAL FANTASY,114843648,7.99,6091,75,4,Games,
403037266,"QuakeFeed Earthquake Map, Alerts, and News",70262784,0,6081,15,4.5,Weather,
322523436,Resident Evil 4: PLATINUM,81374398,4.99,6046,446,4,Games,
413515229,Home Design 3D - 3D Printing Edition,210538496,6.99,6001,72,4.5,Productivity,
422366403,MTV,113787904,0,5987,97,2.5,Entertainment,
364159440,Call of Duty: Zombies HD,35602607,4.99,5853,3860,3.5,Games,
377704407,Cake Doodle,99558400,0.99,5803,10,4,Games,
286906691,Lifesum – Inspiring healthy lifestyle app,188017664,0,5795,12,3.5,Health & Fitness,
376183339,TED,84056064,0,5782,149,3.5,Education,
321369231,WORMS,253834240,1.99,5758,9,4,Games,
449945214,United Airlines,140942336,0,5748,106,2.5,Travel,
394075284,Youku HD,145140736,0,5683,7,4,Entertainment,
321756558,Pixel Starships™ : 8Bit MMORPG,69083136,0,5565,140,4.5,Games,
300265786,Rowmote: Remote Control for Mac,54088704,0.99,5531,37,3.5,Utilities,
388624839,CamScanner +| PDF Document Scanner and OCR,98450432,0.99,5482,25,4.5,Productivity,
469863705,Khan Academy: you can learn anything,162706432,0,5459,10,4,Education,
311466554,Pocket Tanks Deluxe,39827456,4.99,5452,39,4.5,Games,
372283316,▻Sudoku +,61595648,4.99,5397,476,5,Games,
424912055,Superbrothers: Sword & Sworcery EP,212580352,3.99,5362,68,4.5,Games,
446760220,FINAL FANTASY TACTICS: THE WAR OF THE LIONS,507508522,13.99,5180,3723,4.5,Games,
402422247,iHandy Translator Pro,30382080,2.99,5163,86,4.5,Reference,
404990064,SkyView® - Explore the Universe,93429760,1.99,5079,241,4.5,Education,
394732447,Need for Speed™ Hot Pursuit,1269152768,4.99,5059,20,4,Games,
436134867,Jelly Defense,299294720,2.99,5058,363,4.5,Games,
453718989,QQ HD,118249472,0,5058,0,3.5,Social Networking,
352199775,Waterlogged - Daily Hydration Tracker,43439104,0,5000,23,4.5,Health & Fitness,
426282304,NBA JAM by EA SPORTS™ for iPad,415420416,4.99,4934,164,4,Games,
450123799,Dictionary.com Premium Dictionary & Thesaurus for iPad,162652160,4.99,4922,1010,4.5,Reference,
303058767,MASH,41691136,1.99,4913,1,4,Games,
336141475,优酷视频,204959744,0,4885,0,3.5,Entertainment,
432504470,Ticket to Ride,345904128,2.99,4866,64,4.5,Games,
304731501,Tempo - Metronome with Setlists,22185984,2.99,4781,1,4.5,Music,
392788790,Sonic The Hedgehog 4™ Episode I,124710912,2.99,4755,132,4,Games,
433622275,"Werewolf ""Nightmare in Prison"",17530880,0,78,0,4.5,Games
433671262,""PhotoToaster - Photo Editor, Filters, Effects and Borders",58143744,2.99,4748,391,5,Photo & Video,
419135449,iTheme - Themes for iPhone and iPad,52618240,1.99,4719,61,4,Lifestyle,
404299862,iTrackBites Plus - Smart Weight Loss Tracker & Points Calculator for Diet Nutrition Watchers,67922944,3.99,4716,718,4.5,Health & Fitness,
447983569,Lock Photos & Video.s Vault - Passcode Protect Your Secret Photo Album & Secure Private Picture.s Folders,14741504,2.99,4697,415,4.5,Photo & Video,
290986013,Deliveries: a package tracker,30016512,4.99,4684,10,4,Utilities,
292738169,Deezer - Listen to your Favorite Music & Playlists,127470592,0,4677,12,3,Music,
453546382,Photon Flash Player for iPhone - Flash Video & Games plus Private Web Browser,35683328,3.99,4676,255,4,Utilities,
401301276,World of Goo,119131136,4.99,4675,15,4.5,Games,
454802329,F18 Carrier Landing,168557568,5.99,4656,54,4.5,Games,
333180061,Canabalt,27934720,2.99,4540,140,4,Games,
440141669,SHADOWGUN,517828608,4.99,4513,95,4,Games,
452830319,"Smilebox Moments - Collages, Stickers, Filters, Frames & Animations",25620480,0.99,4510,627,4.5,Photo & Video,
463869460,Ricky Carmichael's Motocross Matchup Pro,170055680,0.99,4498,38,4,Games,
363201632,Animation Creator HD,32051200,3.99,4497,448,4,Entertainment,
347400507,Pocket Yoga,132480000,2.99,4475,95,4.5,Health & Fitness,
403090531,Dungeon Raid,11911065,0.99,4401,2927,5,Games,
371338715,Math Bingo,14602240,2.99,4386,444,4.5,Education,
391297152,Neuroshima Hex,511094784,4.99,4378,251,4.5,Games,
415850124,PhotoSync – transfer and backup photos & videos,65495040,2.99,4352,33,4.5,Photo & Video,
425349261,网易新闻 - 精选好内容，算出你的兴趣,133134336,0,4263,6,4.5,News,
407262212,BillMinder - Bill Reminder and Organizer,4278742,1.99,4262,668,4.5,Finance,
364733950,National Geographic World Atlas,66138112,1.99,4255,209,4,Reference,
413936865,SkyView® Free - Explore the Universe,87593984,0,4188,602,4.5,Education,
335989871,"Kmart – Download Now, Shop Online & Pick Up Today!",94496768,0,4186,6,3.5,Shopping,
409890132,Slingo Supreme HD,60013568,0.99,4094,15,4.5,Games,
337866370,Jet Car Stunts,32848910,1.99,4088,436,4,Games,
462780547,Watch TBS,109416448,0,4050,12,2,Entertainment,
443932954,Calculator for iPad Free.,48484352,0,4021,538,4.5,Utilities,
320636131,FACEinHOLE®,12818432,0.99,4016,1,4,Photo & Video,
336347946,DOOM Classic,32796672,4.99,3970,509,4,Games,
327193945,Hurricane Tracker,24574976,2.99,3960,0,4.5,Weather,
451113455,Peggle Classic HD,179580928,0.99,3912,627,4.5,Games,
363738376,forScore,35717120,9.99,3909,36,4.5,Music,
469610082,Riptide GP,41246720,0.99,3883,675,4,Games,
401643317,UPAD 3,34397184,5.99,3849,164,4,Productivity,
447752317,Quick Scan Pro - Barcode Scanner. Deal Finder. Money Saver.,24059904,0.99,3837,85,4.5,Productivity,
448474423,Couch to 5K® - Running App and Training Coach,95468544,2.99,3820,319,4.5,Health & Fitness,
392186427,Ryder Cup 2016 – Hazeltine National Golf Club,116247552,0,3818,69,2.5,Sports,
387682726,淘宝 - 随时随地，想淘就淘,309673984,0,3801,6,4,Shopping,
468429333,Runtastic Road Bike GPS Cycling Route Tracker PRO,57786368,4.99,3800,99,4.5,Health & Fitness,
414430589,搜狐视频HD-欢乐颂2 全网首播,79696896,0,3768,5,4,Entertainment,
363448251,Photogene ⁴,35422208,2.99,3761,596,4.5,Photo & Video,
455826958,Pinball Arcade Plus,111875072,0.99,3716,6,4,Games,
436114747,ComicBook!,92432384,0.99,3702,112,4.5,Photo & Video,
396885309,MSNBC,92997632,0,3692,27,3.5,News,
417373312,Talking Carl,64342016,0.99,3662,37,4.5,Entertainment,
292628469,Juxtaposer,45229056,2.99,3610,7,4.5,Photo & Video,
361231506,Rubik's® Cube,151954432,1.99,3531,177,4,Games,
439628153,My PlayHome,225615872,3.99,3523,181,4.5,Entertainment,
326574411,Baby Connect (Activity Log),12937216,4.99,3483,79,4.5,Medical,
288419283,RadarScope,172772352,9.99,3449,23,4,Weather,
378782714,Drift Mania Championship,1178477568,0.99,3432,0,3,Games,
300590611,Peekaboo Barn,50155520,1.99,3393,77,4,Education,
416981420,Bodyweight Training: You Are Your Own Gym,425657344,4.99,3326,289,5,Health & Fitness,
407838198,Stack the Countries®,188030976,2.99,3303,37,4.5,Education,
294934058,HotSchedules,82037760,2.99,3292,2,3,Business,
410148139,NOAA Weather Radio,14232576,3.99,3245,53,4,Weather,
286799607,Cleartune - Chromatic Tuner,11423008,3.99,3241,297,4,Music,
364738545,FileBrowser - Access files on remote computers,68073472,5.99,3230,5,4.5,Utilities,
453571750,Knots 3D,75027456,1.99,3196,95,5,Reference,
382002079,Onefootball - Soccer Scores & Live News,113814528,0,3194,18,4.5,Sports,
426072035,Touchgrind BMX,194308096,4.99,3170,4,4,Games,
335047649,ScanBizCards Business Card Reader,96815104,0.99,3166,34,4,Business,
410031728,VLC Streamer,82395136,2.99,3152,41,4.5,Entertainment,
390577714,Sunday Ticket,92392448,0,3134,160,2.5,Entertainment,
469343097,MEGA MAN X,90374144,4.99,3099,105,4.5,Games,
373849969,Crash Bandicoot Nitro Kart 2,75254654,2.99,3064,1428,3.5,Games,
306257910,HomeBudget with Sync,17485824,4.99,3042,6,3.5,Finance,
406541444,8mm Vintage Camera,22227968,1.99,3040,14,4.5,Photo & Video,
435913585,Superimpose,25382912,1.99,2965,205,4.5,Photo & Video,
402012828,iSafe Pro,95949824,0.99,2956,94,4.5,Utilities,
410089731,Low Carb Diet Tracker PRO by Carb Manager,57810944,2.99,2950,1671,4.5,Health & Fitness,
373236724,"OPlayer HD - video player, classic media streaming",127020032,4.99,2944,40,4,Entertainment,
285946052,iQuran,70707916,1.99,2929,966,4.5,Reference,
347803339,CamCard - Business card scanner & reader,174839808,0.99,2923,300,4.5,Business,
307219387,Brain Wave ™ - 32 Advanced Binaural Brainwave Entrainment Programs with iTunes Music and Relaxing Ambience,90828800,4.99,2913,357,4,Health & Fitness,
326876192,Epson iPrint,53388288,0,2838,26,3,Photo & Video,
369266386,Hurricane Tracker For iPad,10612736,2.99,2798,357,4.5,Weather,
461504587,Trello,140944384,0,2793,7,4.5,Productivity,
317809458,LiveATC Air Radio,8302592,3.99,2785,90,4,Travel,
354974729,FINAL FANTASY II,199450624,7.99,2754,55,4,Games,
340779800,The Christmas List,26137600,1.99,2722,1,4.5,Shopping,
434893913,Lookout: Security and Identity Theft Protection,65608704,0,2661,41,4,Utilities,
412223222,Hudl,233934848,0,2622,3,3.5,Sports,
369849199,My Virtual Girlfriend - Deluxe Dating Sim,144180224,0.99,2609,9,3.5,Games,
364899325,AirCoaster - Roller Coaster Builder,22763520,0.99,2602,71,3,Games,
294536447,First Words Animals,32164864,1.99,2576,4,4,Games,
306169895,Tozzle - Toddler's favorite puzzle,168192000,2.99,2562,10,4,Games,
390017969,"Due — Reminders, Countdown Timers",32130048,4.99,2554,93,4.5,Productivity,
424229589,Dude Perfect HD,139853824,1.99,2552,1041,4.5,Games,
336689375,TeachMe: Kindergarten,59846656,1.99,2548,5,4,Education,
470578793,Secret Calculator Pro - Hide photos & videos,14578688,1.99,2504,644,4.5,Photo & Video,
426415634,Bloons TD 4 HD,164235264,2.99,2493,13,4,Games,
462155908,Fisheye Lens - Retro Style Fisheye Camera,7671808,1.99,2485,1564,4.5,Photo & Video,
374308914,Color Splash for iPad,18752512,1.99,2445,41,4.5,Photo & Video,
308111628,iCab Mobile (Web Browser),19451904,1.99,2441,4,4,Utilities,
451584035,Conservative Talk Radio,13180928,2.99,2436,274,4.5,News,
329127297,Gaia GPS Classic,53097472,19.99,2429,8,4.5,Navigation,
347418999,Simply Being - Guided Meditation for Relaxation and Presence,100048896,1.99,2417,1366,4.5,Health & Fitness,
464309202,LotteryHUB,47699968,0,2417,39,3,News,
405338085,Coach Guitar - Lessons & Easy Tabs For Beginners,132141056,0,2416,45,4.5,Music,
409563112,爱奇艺HD -《欢乐颂2》电视剧热播,154600448,0,2394,0,4,Entertainment,
385145330,Pocketbooth - the photo booth in your pocket,72586240,0.99,2377,5,4.5,Photo & Video,
412395632,"乐视视频HD-白鹿原,欢乐颂,奔跑吧全网热播",136668160,0,2340,1,4,Entertainment,
434209233,Moji Weather - Free Weather Forecast,86968320,0,2333,0,4.5,Weather,
357404131,Slow Shutter Cam,4466688,1.99,2305,100,4,Photo & Video,
305557780,iSwap Faces,27069440,1.99,2302,3,3.5,Photo & Video,
417906074,NOAA Weather Alerts - Severe Weather Push Notifications & Warnings,10514432,3.99,2293,399,4.5,Weather,
464352883,Infinite Campus Mobile Portal,28331008,0,2286,46,2.5,Education,
419805549,万年历-值得信赖的日历黄历查询工具,112928768,0,2270,4,4.5,Utilities,
421894356,PodCruncher podcast app - Player and manager for podcasts,6615040,2.99,2261,689,4.5,News,
380641055,Files HD Pro - File Manager & Web Browser,28118016,4.99,2237,41,4,Utilities,
403684733,Badoo Premium - Meet new people. Extra features.,157370368,2.99,2231,3,4.5,Social Networking,
299853944,新浪新闻-阅读最新时事热门头条资讯视频,115143680,0,2229,4,3.5,News,
463422433,Meitu HD,107525120,0,2150,68,4.5,Photo & Video,
364204209,Fieldrunners for iPad,219693056,3.99,2147,23,4,Games,
386241770,Bloons Super Monkey,28566528,0.99,2113,20,3.5,Games,
291430598,Hurricane Pro,29518848,2.99,2104,0,4.5,Weather,
462397814,Waking Mars,337177600,4.99,2101,0,4.5,Games,
331259725,央视影音-海量央视内容高清直播,54648832,0,2070,0,2.5,Sports,
385533456,The Incident,19534848,0.99,2070,16,4,Games,
389359495,Bookshelf,106445824,0,2064,2,2.5,Education,
407925512,"腾讯视频HD-楚乔传,明日之子6月全网首播",123563008,0,2058,4,4,Entertainment,
353642901,Sporcle,15676416,2.99,2044,10,3.5,Games,
297244048,VLC Remote,31505408,4.99,2027,2,4,Entertainment,
307741537,LEDit – The LED Banner App,17145856,1.99,2021,147,4.5,Utilities,
357577420,"iWatermark - Watermark 1 or Batch of Photos. Watermarking with Text, Logo, & Graphics Overlays.",21771264,1.99,1995,148,4.5,Photo & Video,
384282298,The Secret of Grisly Manor,51794944,0.99,1993,36,4,Games,
382201985,手机百度 - 百度一下你就得到,226406400,0,1990,0,4.5,Utilities,
407976815,AVPlayerHD,39835648,2.99,1986,14,4,Entertainment,
445338486,LOVOO - Dating Chat,85049344,0,1985,4,4.5,Social Networking,
373203236,GeoBee Challenge HD by National Geographic,35975168,1.99,1957,958,4.5,Games,
450722833,ibis Paint X - speed painting,40980480,0,1933,20,4.5,Entertainment,
333206289,Alipay - Makes Life Easy,208309248,0,1926,2,3,Lifestyle,
467703220,Elmo Calls,87581696,1.99,1915,38,4,Games,
414834813,Pocket Casts,48323584,3.99,1911,39,4,News,
426747278,Elmo Loves ABCs for iPad,742145024,4.99,1888,26,3.5,Games,
420859056,My Baby's Beat - Prenatal Listener,70041600,4.99,1887,75,3,Lifestyle,
448165862,"MOMO陌陌-开启视频社交,用直播分享生活",156017664,0,1862,0,4,Social Networking,
432791399,"Cloud Baby Monitor ~ Video, Audio, Unlimited Range",62913536,3.99,1855,131,4.5,Lifestyle,
467329677,Mathway - Math Problem Solver,94260224,0,1854,28,3.5,Education,
336683524,iFiles,47323136,0.99,1842,23,3.5,Productivity,
434832826,Viator Tours & Activities,79013888,0,1839,174,4.5,Travel,
358207332,Drawing Pad,220397568,1.99,1824,113,4,Entertainment,
363317633,Graphic - illustration and design,32604160,8.99,1809,52,4.5,Productivity,
401746066,iExit Interstate Exit Guide,9784320,0,1798,8,4.5,Travel,
411766326,Schoology,120382464,0,1777,9,3,Education,
369820957,AudioNote - Notepad and Voice Recorder,33213440,9.99,1756,53,4,Business,
392408028,Paprika Recipe Manager,10432512,4.99,1755,83,4.5,Food & Drink,
370139302,QQ 浏览器-搜新闻、选小说漫画、看视频,119812096,0,1750,19,3.5,Utilities,
303191318,同花顺-炒股、股票,122886144,0,1744,0,3.5,Finance,
335709058,Stylebook,44135424,3.99,1729,599,4,Lifestyle,
325962257,My Measures PRO,79882240,7.99,1701,35,4,Productivity,
444553118,Jesus Calling Devotional by Sarah Young,125770752,9.99,1685,2,2.5,Book,
438426078,聚力视频-蓝光电视剧电影在线热播,99607552,0,1670,4,4.5,Entertainment,
388497605,Google Authenticator,17235968,0,1652,202,3,Utilities,
364183992,Qzone,133874688,0,1649,1,3.5,Social Networking,
464660903,"Perfect Image - Pic Collage Maker, Add Text to Photo, Cool Picture Editor",77390848,0,1646,141,4.5,Photo & Video,
442705759,Toca Store,69277696,2.99,1595,28,4,Education,
385285922,"乐视视频-白鹿原,欢乐颂,奔跑吧全网热播",184689664,0,1590,6,4.5,Entertainment,
388462078,2XL Supercross HD,270729216,4.99,1588,6,3.5,Games,
295775656,12 Steps AA Companion - Alcoholics Anonymous,30367744,2.99,1583,2,3.5,Lifestyle,
398687544,Puzzle Quest 2,1319796736,2.99,1575,104,3.5,Games,
294631159,WeatherPro,69079040,1.99,1572,34,4,Weather,
396082453,The Calculator,71177216,2.99,1556,25,4.5,Utilities,
419411014,"Math Fact Master: Addition, Subtraction, Multiplication, and Division",8029184,0.99,1537,159,4.5,Education,
364165557,Small World 2,234123264,1.99,1506,198,4,Games,
436577167,FiLMiC Pro,125991936,14.99,1478,18,3,Photo & Video,
354051766,DOOM II RPG,48700821,0.99,1455,1450,3,Games,
336477530,Plane Finder - Flight Tracker,52632576,3.99,1438,171,4,Navigation,
390523040,Polar Plunge ™,3700705,0.99,1428,1417,3.5,Games,
407707744,The 7th Guest,655987075,4.99,1419,216,4,Games,
431033044,"Phone Drive - File Manager, Browser & Explorer",19738624,1.99,1403,121,4.5,Utilities,
382013715,SuperCam_Pro,27815936,1.99,1399,24,2.5,Business,
414835676,The Lost City,106427392,1.99,1393,33,4.5,Games,
298206806,iReal Pro - Music Book & Play Along,63283200,12.99,1390,143,4.5,Music,
424591347,FINAL FANTASY III,290695168,14.99,1378,17,4.5,Games,
308339980,iRagdoll - Ragdoll Physics,118683648,0.99,1372,25,4,Games,
413511993,Weather Radio by WDT,22879232,4.99,1359,26,3,Weather,
426170776,QR Reader for iPad,55071744,0,1341,63,4,Utilities,
333263435,Daily Teachings,20298752,4.99,1340,288,4.5,Lifestyle,
414113282,IRS2Go,10110976,0,1329,47,3,Finance,
446207961,Human Anatomy Atlas – 3D Anatomical Model of the Human Body,1312071680,24.99,1298,144,4.5,Medical,
312220102,MindNode – Delightful Mind Mapping,52294656,9.99,1296,4,4,Productivity,
447444215,"PDF Converter - Convert Documents, Photos to PDF",55156736,4.99,1294,113,4.5,Business,
312266675,Packing Pro,16332800,2.99,1293,31,4,Travel,
373454750,随手记（专业版）-好用的记账理财工具,83899392,0.99,1267,0,4.5,Finance,
377677727,"Mega Millions & Powerball - lottery games in the US with winning number results, lotto jackpots and prize payouts",7876608,0,1255,432,4.5,Lifestyle,
400666114,Guitar Pro,34405376,6.99,1218,11,4,Music,
393989284,Mathmateer®,26029056,1.99,1207,2,4.5,Education,
337571576,Clay Hunt,15313920,0.99,1193,1,4,Games,
378326916,Family Feud™ HD,79312792,6.99,1156,951,3.5,Games,
438475005,TextGrabber – image to text: OCR & translate photo,134786048,4.99,1153,39,4,Productivity,
338761996,AirWatch Agent,24747008,0,1150,0,2.5,Business,
306937053,Minesweeper Classic,22259712,0.99,1140,20,3.5,Games,
458535809,Calculator ∞,80345088,2.99,1138,59,4.5,Education,
370144476,Math Ninja HD,25137152,1.99,1121,209,4.5,Games,
351986992,"StarMap 3D+: Night Sky, Astronomy, Star View Guide",100368384,3.99,1118,29,4.5,Education,
284666222,PCalc - The Best Calculator,49250304,9.99,1117,4,4.5,Utilities,
400213892,Reiner Knizia's Ra,34992128,3.99,1114,110,4.5,Games,
381722077,Celebtwin: Celebrity Looks Like Lite,81773568,0,1111,0,1.5,Lifestyle,
391767653,Sleep Talk Recorder,25309184,0,1110,31,4.5,Utilities,
438865278,淘宝HD－Taobao for iPad,119247872,0,1103,54,3.5,Shopping,
337462979,First Words Deluxe,63316992,4.99,1101,8,4,Games,
347393479,Roadside America,10231808,2.99,1093,106,4,Travel,
451287325,Monkey Math School Sunshine,235767808,1.99,1092,1,4,Games,
398596699,myChevrolet,85515264,0,1083,36,2,Lifestyle,
362179828,Super Why! Power to Read,138047488,3.99,1080,5,3.5,Education,
423855879,Bumpy Road,30275615,2.99,1073,186,4,Games,
390109631,UFO on Tape,35359744,0.99,1058,3,3.5,Games,
391432693,ArtRage,58826752,4.99,1045,2,4,Entertainment,
461703208,高德地图（精准专业的手机地图）,166025216,0,1040,5,4.5,Navigation,
392538848,ToonCamera,29494272,1.99,1037,95,4.5,Photo & Video,
431023686,美丽说-潮流穿搭快人一步,143117312,0,1026,0,4.5,Shopping,
452186370,百度地图-智能的手机导航，公交地铁出行必备,213586944,0,1014,23,4,Navigation,
434826169,Toca Robot Lab,64152576,2.99,1006,17,4,Education,
457561360,Catholic Bible,103469056,1.99,999,44,4.5,Reference,
395893124,土豆视频HD—高清影视综艺视频播放器,68668416,0,990,4,3,Entertainment,
407949800,Secret of Mana,192136192,7.99,990,50,4,Games,
410315894,Pearson eText,21079040,0,981,4,2.5,Education,
441216572,360手机卫士-超安全的来电防骚扰助手,103390208,0,944,0,4,Utilities,
426097375,QQ浏览器HD-极速搜索浏览器,82982912,0,936,4,4,Utilities,
320279293,NAVIGON Europe,144412672,74.99,927,3,3.5,Navigation,
427419772,Forbidden Island,149715968,4.99,923,48,4.5,Games,
401818935,Genius Scan+ - PDF Scanner,43338752,7.99,916,39,4.5,Business,
431493086,Classic Explain Everything™,123312128,7.99,896,0,4,Education,
335545504,King of Dragon Pass,364490752,9.99,882,85,5,Games,
461390784,Real Fishing 3D,184315904,1.99,880,58,3.5,Games,
461218759,"Drum Beats+ (Rhythm Metronome, Loops & Grooves Machine)",385908736,3.99,879,612,4.5,Music,
306628397,Phrase Party!,47774720,1.99,878,48,4,Games,
468090416,SamCard Pro-card reader&business card scanner&ocr,21118976,5.99,875,123,4.5,Business,
409869453,Localscope - Find places and people around you,13852672,2.99,868,8,4.5,Navigation,
435871950,HappyCow Vegan / Vegetarian Restaurant Guide,35261440,3.99,863,12,4.5,Travel,
335862325,Blower,98942976,0.99,861,70,2,Entertainment,
430823968,FINAL FANTASY III for iPad,283656192,16.99,857,14,4,Games,
364267763,Do Not Press The Red Button HD,10907191,1.99,856,38,2.5,Entertainment,
395680819,AVPlayer,39790592,2.99,853,11,4,Entertainment,
351091731,大众点评-发现品质生活,244516864,0,844,1,4,Lifestyle,
406732590,Paprika Recipe Manager for iPhone,10426368,4.99,835,84,4.5,Food & Drink,
365724094,Ski Tracks,24851456,0.99,829,16,4.5,Navigation,
392790924,Cisco AnyConnect,46872576,0,825,28,3.5,Business,
412403556,TEDiSUB - Enjoy TED Talks with Subtitles,44099584,0,823,136,4.5,Entertainment,
432850619,FL Studio Mobile,791146496,13.99,818,9,3.5,Music,
295759189,Big Day - Event Countdown,13156352,0.99,812,14,3,Lifestyle,
444745181,Daily Audio Bible App,13282304,0.99,796,0,5,Lifestyle,
386505750,Lotto Results - Mega Millions Powerball Lottery,7990272,0,794,8,4,News,
393765873,爱奇艺 - 电视剧电影综艺娱乐视频播放器,235160576,0,786,0,3.5,Entertainment,
288120394,TouchOSC,4263936,4.99,782,7,4,Music,
458587755,搜狐视频-欢乐颂2 全网首播,109425664,0,774,0,4.5,Entertainment,
308368164,Proloquo2Go - Symbol-based AAC,723764224,249.99,773,10,4,Education,
297332787,gFlashPro - Flashcards & Tests,25997312,3.99,768,4,4,Education,
355940964,TeachMe: 1st Grade,90241024,1.99,762,5,4,Education,
373493387,AnkiMobile Flashcards,19371008,24.99,753,12,4,Education,
453809428,Bon Appetit,21647360,0,750,17,3.5,Food & Drink,
389481236,QQ同步助手-新机一键换机必备工具,72941568,0,746,1,4.5,Utilities,
414603431,QQ音乐-来这里“发现・音乐”,154551296,0,745,7,3.5,Music,
398975927,Stratego® Single Player,195406848,2.99,739,145,3.5,Games,
410319945,QWOP for iOS,27227934,0.99,735,288,4,Games,
373515261,WeatherPro for iPad,59475968,2.99,725,26,4,Weather,
399363156,腾讯新闻-头条新闻热点资讯掌上阅读软件,114878464,0,718,4,4,News,
425996445,Tiny Planet Photos and Video,84909056,0.99,714,8,4,Photo & Video,
463240522,HISTORY Here,23040000,0,685,369,4,Travel,
395898626,土豆（短视频分享平台）,88601600,0,676,0,3,Entertainment,
440948110,Kwai - Share your video moments,91466752,0,668,4,4.5,Photo & Video,
366195670,The Photographer's Ephemeris,58463232,8.99,663,5,5,Photo & Video,
351939099,"Dungeons & Such Treasures,Collectibles and Dragons",84469760,2.99,653,8,4.5,Games,
339462921,CatPaint,73332736,0.99,649,11,4,Photo & Video,
443321291,CCW – Concealed Carry 50 State Guide,22264832,1.99,644,45,5,Reference,
328011357,Wa Kingyo - Goldfish Pond,56397824,0.99,626,44,4,Entertainment,
430920838,Tikal,27049083,2.99,626,435,4.5,Games,
363360636,Ship Finder,22948864,4.99,624,20,3.5,Navigation,
427941017,YY- 小全民手机直播交友软件,165367808,0,624,4,4,Social Networking,
432080204,Pocket Academy,192954368,4.99,616,12,4.5,Games,
458318329,腾讯视频-欢乐颂2全网首播,112337920,0,613,9,4,Entertainment,
388633565,Pocket Anatomy - Interactive 3D Human Anatomy and Physiology.,685733888,13.99,611,186,4.5,Medical,
456726080,Pearson eText for Schools,21083136,0,609,4,2.5,Education,
391071343,央视影音HD-海量央视内容高清直播,64325632,0,596,0,2.5,Entertainment,
373311252,TouchRetouch,27962368,1.99,588,54,4,Photo & Video,
459313476,Tenuto,13062144,3.99,562,0,5,Music,
467923185,Loopy HD,26399744,3.99,561,4,4,Music,
452176796,蘑菇街-网红直播搭配的购物特卖平台,144661504,0,558,0,5,Shopping,
408854559,Hot Springs Story,183409664,4.99,554,1,4.5,Games,
411843682,iDarkroom,29369344,0.99,554,1,4.5,Photo & Video,
423084029,美团 - 吃喝玩乐全都有,224955392,0,549,2,4.5,Lifestyle,
429870273,DEATHSMILES,519446528,9.99,540,48,4.5,Games,
314506629,SmartGo Player,22159360,2.99,533,27,4,Games,
400971700,DirectVR Remote for DirecTV,7497728,0.99,528,1,4,Utilities,
430856616,True Red Eye Remover HD-Face Recovery,4511744,0.99,528,379,4,Photo & Video,
439638720,腾讯手机管家-拦截骚扰电话的QQ安全助手,60549120,0,527,1,4,Utilities,
414002091,WordFoto,5800960,1.99,513,10,4,Photo & Video,
343555245,DB Navigator,84791296,0,512,6,3.5,Travel,
369838631,Breathing Zone: Guided Breathing for Mindfulness,37140480,3.99,511,57,4.5,Health & Fitness,
428970841,Virtual Villagers 4: The Tree of Life,36686604,0.99,500,479,4,Games,
383718755,Decide Now!,3462144,0.99,486,25,4.5,Entertainment,
331177703,Letter Quiz - alphabet tracing for kids,31845376,1.99,472,0,4,Games,
409395695,"My Score Plus Weight Loss, Food & Exercise Tracker",60144640,0,467,1,4,Health & Fitness,
435476174,LetterSchool - learn to write letters and numbers,47030272,4.99,460,72,4.5,Education,
433156786,Qzone HD,30027776,0,458,26,3.5,Social Networking,
344065205,The Font Game,5415000,1.99,438,295,4.5,Games,
415069562,Tasty Planet,22515712,2.99,430,35,4.5,Games,
445996226,MailShot Pro- Group Email Done Right!,9162752,3.99,425,11,4.5,Productivity,
442378070,Book Creator for iPad,86345728,4.99,415,2,4,Education,
298127110,ProPresenter Remote,46922752,4.99,410,7,3,Utilities,
441599491,ConjuVerb - Spanish Verb Conjugation Helper,49025024,0.99,406,62,4.5,Education,
446324234,欢乐斗地主•腾讯,214474752,0,403,5,3.5,Games,
341329033,BlaBlaCar - Trusted Carpooling,112024576,0,397,0,4.5,Travel,
432274380,知乎,149436416,0,397,0,3,Social Networking,
436957087,搜狐新闻—新闻热点资讯掌上阅读软件,136421376,0,383,0,4.5,News,
467067151,"百度糯米-电影,美食团购",127980544,0,383,0,4.5,Lifestyle,
334264405,iOvilus,9946112,1.99,381,6,3,Entertainment,
414245413,手机京东-首次购买可领取188元优惠券,242618368,0,361,4,3.5,Shopping,
458813562,"Abby Monkey® Basic Skills: Preschool and Kindergarten Kids Educational Early Learning Adventure Games.▫ TeachMe Counting, Colors, Alphabet, Math, Numbers, Shapes Sorting, Patterns, Puzzles, Learn to Read Letters for Toddler Children",71766016,2.99,358,59,3.5,Games,
369970819,Fake-A-Location Free ™,7689537,0,354,215,1.5,Social Networking,
363451838,Hurricane HD,32083968,3.99,353,8,4,Weather,
352000376,Shift Worker,7344128,1.99,348,33,4,Productivity,
358055270,"Dude, your car!",40586240,0.99,343,15,4,Entertainment,
377908737,Boating USA,111196160,9.99,342,2,3.5,Navigation,
370406465,Résultats Foot en Direct,65074176,0,339,7,4.5,Sports,
306375551,Wind Meter,5234688,0.99,338,12,2.5,Weather,
456229650,QQ游戏大厅HD,20161086,0,338,176,3.5,Entertainment,
374151636,Popplet,4893696,4.99,336,2,4,Productivity,
411711646,Fighter Verses - memorize bible verses,13778944,2.99,331,1,4.5,Reference,
437025413,ZDFmediathek,67734528,0,320,1,3.5,Entertainment,
336834650,Moorhuhn Deluxe - Crazy Chicken,27807744,0.99,319,12,3,Games,
388932995,赶集网-工作生活啥都有！,106115072,0,317,0,4,Lifestyle,
343638336,Video Calls with Santa,27997184,2.99,315,0,3.5,Lifestyle,
379395415,携程旅行-酒店、机票、火车票预订助手,144488448,0,312,0,3.5,Travel,
466252999,Green Kitchen – healthy vegetarian recipes,407632896,3.99,311,21,4.5,Food & Drink,
446408493,Virtual Villagers 5: New Believers,36301672,0.99,309,309,4,Games,
363992049,ComicGlass [ComicReader],31955968,2.99,308,0,4.5,Utilities,
364762290,Animation & Drawing by Do Ink,33857536,4.99,308,8,4,Education,
387109554,QQ安全中心,32918528,0,308,0,3.5,Utilities,
392899425,招商银行,154910720,0,306,1,3.5,Finance,
320650307,Harvest - Select the Best Produce,18165760,1.99,299,28,4,Food & Drink,
424881832,SPIEGEL ONLINE - Nachrichten,31635456,0,299,29,4.5,News,
324266640,Fantasy Football Manager - FFM for FPL,35998720,0.99,292,1,3,Sports,
395096736,去哪儿旅行-预订机票酒店火车票特价旅游自由行,131723264,0,291,0,4,Travel,
409605521,Quit Pro,33914880,0.99,287,18,4.5,Health & Fitness,
367706767,Live Cams - HD,37161984,4.99,286,25,2.5,Travel,
342602105,Positivity with Andrew Johnson,69513216,2.99,282,1,4,Health & Fitness,
391304000,"Maps 3D PRO - GPS for Bike, Hike, Ski & Outdoor",25960448,4.99,280,12,4,Navigation,
433596395,ZOOKEEPER　DX,28983296,0.99,274,24,3.5,Games,
337056601,n-tv Nachrichten,49470464,0,273,0,3,News,
364904019,The World Factbook for iPad,73224192,1.99,273,8,3.5,Reference,
349442137,Ameba,96635904,0,269,0,3,Social Networking,
343889987,Voyages-sncf.com : book train and bus tickets,131463168,0,268,0,3.5,Travel,
468564994,Tasty Planet: Back for Seconds,31039488,2.99,264,56,4.5,Games,
329703516,Alter Ego,13647872,4.99,262,43,4,Games,
412792865,SkyDroid - Golf GPS,25606144,1.99,261,1,4,Sports,
391965015,中国建设银行,209245184,0,258,0,2,Finance,
354850853,Dr. Seuss Camera - The Cat in the Hat Edition,9906176,0.99,249,5,4.5,Photo & Video,
423492040,Planimeter - Measure Land Area and Distance on a Map,14495744,7.99,249,83,4.5,Productivity,
334235181,"Trainline UK: Live Train Times, Tickets & Planner",110198784,0,248,0,4,Travel,
416457422,中国联通手机营业厅客户端(官方版),78774272,0,248,1,3,Utilities,
459660048,STREET FIGHTER II COLLECTION,196291794,3.99,242,218,4,Games,
376436174,"SEC Football Schedules, Scores & Radio",60380160,1.99,240,2,3,Sports,
469024771,随手记专业版 for  iPad,32996352,0.99,240,1,4.5,Finance,
461123279,Written Legends: Nightmare at Sea HD (Full),248307057,4.99,234,234,4.5,Games,
401644893,Tagesschau,83928064,0,233,56,4,News,
377831429,The Impossible Quiz! for iPad,16857290,1.99,227,225,4,Games,
429885089,QQ音乐HD,139457536,0,224,4,3.5,Music,
311785642,AutoScout24 - mobile used & new car market,141136896,0,220,2,4.5,Productivity,
407375789,myCardLists Christmas Card Address Label Printing,21371904,1.99,219,1,4,Utilities,
380932800,Zoopla Property Search -UK Homes for Sale and Rent,59411456,0,210,4,3.5,Lifestyle,
465173198,Cronometer,17243136,2.99,210,7,3,Health & Fitness,
387893495,Virtual Regatta Offshore,123541504,0,209,1,3.5,Games,
405891908,"Holiday Greetings - 3D Animations, Emoji, Emoticons, Sounds & Videos for Special Occasions",12783616,0.99,208,13,4,Entertainment,
352041837,"Spy Calc - Hide pictures, videos, documents",25097281,1.99,207,50,3.5,Utilities,
392252535,BUBBLE BOBBLE DOUBLE,56954817,4.99,206,128,3,Games,
393670998,欧路英语词典 Eudic 增强版,152671232,2.99,206,2,4,Reference,
468674094,Scanner911 HD Police Radio Pro,4348875,3.99,204,166,4,News,
385957032,OPEN Forum,83138560,0,200,0,3.5,Business,
464235764,"Phonics Island • Early Reading, Spelling & Tracing Montessori Preschool and Kindergarten Kids Learning Adventure Games by Abby Monkey® Alphabet and Letter Sounds Reader",61427712,2.99,199,73,3.5,Education,
341691394,Refills Calendar - Scheduler - Note,35864576,9.99,196,3,4,Productivity,
385919493,Autohome-Find new＆Used Cars For Sale,89219072,0,194,0,4,Lifestyle,
415138546,Feed the Head,18358272,1.99,193,40,4.5,Games,
421168738,iStatVball 2 iPad Edition,15154176,19.99,193,0,4.5,Sports,
431229633,Summer Games 3D,99463168,0.99,193,1,3.5,Games,
399608199,中国银行手机银行,251711488,0,192,2,1.5,Finance,
365235835,TwitCasting Viewer - Watch Live Video & Radio,16292864,0,189,0,2.5,Entertainment,
344176018,ImmobilienScout24: Real Estate Search in Germany,126867456,0,187,0,3.5,Navigation,
307764057,niconico,25808896,0,182,0,3,Entertainment,
380974668,Vestiaire Collective - Pre-Owned Luxury Fashion,138755072,0,169,16,4,Shopping,
368948250,WEB.DE Mail,101923840,0,168,0,4,Productivity,
470412139,Sleepy Hollow: Mystery Legends HD (Full),375949016,4.99,168,168,4,Games,
348684697,franceinfo - l'actualité & les élections en direct,155857920,0,162,32,4,News,
370899391,Captio - Email yourself with 1 tap,19054592,1.99,162,17,4.5,Productivity,
356618664,TeachMe: 3rd Grade,174268416,1.99,160,2,4,Education,
453480684,咕咚-你的跑步骑行运动社区,141333504,0,160,0,4.5,Health & Fitness,
419261235,Bitauto Autoprice,79730688,0,157,0,5,Utilities,
453691481,飞猪,148888576,0,154,0,4,Travel,
423514795,中国工商银行,86083584,0,152,0,2.5,Finance,
434374726,京东 HD,114121728,0,150,0,4,Shopping,
423443665,Catholic New American Bible Revised Edition,60426240,2.99,149,0,3.5,Reference,
314819528,Boating Weather,8900608,1.99,141,15,3,Weather,
289446241,Election 2016 Map,2386944,0.99,137,0,3,Entertainment,
357421934,PeakFinder Earth,35478528,4.99,137,21,4,Travel,
468566852,Tasty Planet: Back for Seconds HD,29511680,4.99,135,62,4.5,Games,
469338840,飞常准Pro-全球航班查询机票酒店预订,94053376,0.99,132,1,4,Travel,
450555662,The Singing Machine Mobile Karaoke App,32770048,0,130,9,2.5,Music,
430234732,Site Audit Pro,54476800,16.99,125,3,4,Productivity,
440488550,PlayerXtreme Media Player PRO - Movies & streaming,99442688,4.99,125,6,3.5,Utilities,
467953363,Best Hunting Times,6603776,2.99,123,9,4,Weather,
398453262,招商银行信用卡掌上生活,160764928,0,122,0,2.5,Finance,
392198579,The Legend of Spookley the Square Pumpkin,36942848,2.99,120,12,4.5,Book,
316391924,Sky News,91697152,0,118,0,3,News,
431065024,Fake Location,6228992,0.99,117,7,1,Social Networking,
415842508,"汽车之家-提供新车,二手车报价及资讯",54815744,0,116,3,4,Lifestyle,
325658560,BFMTV : l'info en continu,100779008,0,115,70,4,News,
340368403,クックパッド - No.1料理レシピ検索アプリ,76644352,0,115,0,3.5,Food & Drink,
427555239,"易到 - 低价专车,高品质出行",74724352,0,115,1,2,Travel,
369111608,iBunkoHD,40479744,6.99,114,0,4,Book,
308834491,20 Minutes.fr - l'actualité en continu,109616128,0,112,0,3.5,News,
441179131,ibis Paint - speed painting,31885312,4.99,112,1,4.5,Entertainment,
380834987,Army Fitness APFT Calculator,15759360,0.99,108,74,4,Utilities,
353573707,"Coaster VR, Extreme Endless 3D Stereograph",30977024,0.99,107,0,2.5,Entertainment,
417352269,GMX Mail,100336640,0,102,1,4.5,Productivity,
437314677,Digital Domain,13512704,0,102,0,2,Photo & Video,
351184863,AlloCiné : Cinéma et Séries,123450368,0,101,1,4,Entertainment,
417200582,唯品会-欢乐颂2独家电商 同款热卖,160313344,0,100,0,4.5,Shopping,
304770340,Skat,66160640,3.99,94,4,4.5,Games,
430616332,It's Tyrannosaurus Rex - Smithsonian Institution,29496320,1.99,92,1,4.5,Book,
413993350,搜房网房天下-新房二手房租房交易平台,156446720,0,89,0,4,Lifestyle,
453174055,去哪儿旅行HD-总有你要的低价,2706432,0,85,0,3.5,Travel,
415606289,安居客-二手房、新房、租房的找房助手,107184128,0,84,0,4.5,Lifestyle,
346997126,TV SPIELFILM - TV Programm mit Live TV,97879040,0,81,0,3,Entertainment,
320599923,Sparkasse - Your mobile branch,119574528,0,77,1,3,Finance,
389784247,Vernier Video Physics,40472576,4.99,76,2,4,Education,
382596778,eBay Kleinanzeigen - Free. Easy. Local.,63022080,0,74,3,4.5,Shopping,
353603279,Parents Calling Easter Bunny,8073209,1.99,72,72,2,Lifestyle,
363486833,Space War HD,30270464,0.99,71,3,3,Games,
348543978,Timetracks - Slit-Scan Camera,11369472,0.99,70,1,2,Photo & Video,
459023164,唯品会 HD 全球精选，正品特卖,106416128,0,68,0,4,Shopping,
427457043,1号店-全球超市 轻松到家,80944128,0,65,1,3.5,Shopping,
445573854,当当-正品秒杀，首单立减5元,130363392,0,65,0,3,Shopping,
299029654,大辞林,210088960,21.99,64,0,4.5,Reference,
311762416,radio.de - Der Radioplayer,40717312,0,64,9,4.5,Music,
369692259,"6play, TV en direct et en replay",94592000,0,62,0,3.5,Entertainment,
455256615,White Tiles 2 : Piano Master ( Don't Hit The White Tiles 4 ) - Free Music Game,31578112,0,60,7,4,Games,
462134755,Puppet Pals HD Director's Pass,103233536,3.99,54,0,4,Education,
398954883,Yurekuru Call,56609792,0,53,0,4,Weather,
409157308,Annabel Karmel's Baby & Toddler Recipe App,104406016,4.99,53,5,2,Food & Drink,
447313708,途牛旅游-订机票酒店，查旅行景点门票,161202176,0,51,1,4.5,Travel,
402614251,AR Missile - Automatic Target Tracking,17178624,0.99,49,2,4.5,Entertainment,
309187846,SFR TV,122153984,0,46,0,3,Entertainment,
373563219,Real英会話,80203776,3.99,45,12,4.5,Education,
439495358,北京浮生记,1532640,0.99,44,21,4.5,Games,
445850671,Zaim,118128640,0,44,0,4,Finance,
430229059,Rota Calendar - Work Shift Manager,1824768,1.99,43,24,4.5,Productivity,
444062672,NOAA Hurricane Center HD,8093696,1.99,43,27,3.5,Weather,
331004675,The perfect Egg timer,15329280,0.99,40,0,3.5,Food & Drink,
298596830,NRJ Radio,53426176,0,38,2,3.5,Music,
424598114,苏宁易购-新人专享大礼包,185606144,0,38,0,3,Shopping,
405548206,Lobi,38540288,0,36,0,4,Social Networking,
337710261,Dream Team - be your own fantasy football manager,69816320,0,35,0,2.5,Sports,
431865275,The JMU Bus App,4427776,2.99,35,0,3,Navigation,
435693872,Kurumaki Calendar -month scroll calendar-,7558144,1.99,34,6,5,Productivity,
462125072,广东移动手机营业厅-话费流量一手掌握，专属优惠定期发放,30503936,0,33,0,3.5,Utilities,
293573778,Avertinoo,8044544,4.99,32,0,3,Navigation,
435728260,Building Parallel Circuits,31744669,0.99,32,7,3.5,Education,
395148744,NOAA Hurricane Center,8069120,1.99,31,15,3,Weather,
293118835,iStellar,44241920,3.99,30,0,3.5,Navigation,
320596872,Sparkasse+,119648256,0.99,30,0,3,Finance,
443926246,驴妈妈旅游-订景点门票机票火车票特价酒店,145368064,0,30,0,5,Travel,
419724490,Lieferando.de,31544320,0,29,1,3.5,Food & Drink,
440677948,Lieferheld - Delicious food delivery service,46147584,0,29,1,4.5,Food & Drink,
421988577,Shell Shock 1.5,46864078,0.99,26,26,3,Games,
454136236,STEINS,GATE,1551412224,24.99,16,0,4,Games
376197239,Météo-France,124090368,0,24,2,3.5,Weather,
398860966,Mountain Biker,165394432,1.99,24,7,3.5,Games,
435883126,Building Serial Circuits,21462305,0.99,23,2,4,Education,
454988262,Programme TV Télé Loisirs,81083392,0,23,0,3.5,Entertainment,
324887734,McDo France,37001216,0,22,0,3.5,Food & Drink,
396224808,French Words for Kids - Learn Letter Sounds,35518464,3.99,22,1,4.5,Education,
388459613,Carbs & Cals - Diet & Diabetes,209295360,4.99,21,0,1.5,Health & Fitness,
326161564,SFR Mon Compte,74093568,0,19,0,3,Utilities,
376561911,かなもじ,61272064,3.99,19,0,4.5,Education,
376202925,Ma Banque,137866240,0,17,0,3.5,Finance,
469964520,Lloyds Bank Mobile Banking,104023040,0,17,5,4.5,Finance,
451901829,Azuki Wave,21263360,1.99,14,1,4,Entertainment,
426414466,Showroomprive - Private Fashion Sales,31230976,0,11,0,4,Shopping,
439176506,Timenote,4849664,0.99,11,5,4.5,Business,
469622080,Math Practice - Integers,2598912,0.99,11,0,4,Education,
382045106,カロリー管理（痩せるアプリ）,44402688,3.99,10,0,4.5,Health & Fitness,
413618155,マクドナルド - McDonald's Japan,61166592,0,10,0,3,Food & Drink,
353372460,Learn to Speak Spanish Fast With MosaLingua,48819200,4.99,9,1,5,Education,
356968629,ヤフオク! 利用者数NO.1のオークション、フリマアプリ,187040768,0,9,0,3,Shopping,
385724144,ホットペッパービューティー/サロン予約,65892352,0,9,0,4,Lifestyle,
386239683,Reckless Racing HD,77139968,0.99,9,7,4,Games,
286070473,Mileage Log | Fahrtenbuch,71203840,5.99,8,0,4.5,Business,
370901726,My Vodafone,83575808,0,8,1,3,Utilities,
409362880,La Banque Postale,23792640,0,8,0,3,Finance,
399804936,Learn English quickly with MosaLingua,51665920,4.99,7,0,5,Education,
415468221,ContactsBook -AddressBook Organizer,7100416,0.99,7,1,4.5,Utilities,
326082487,Food Additives Checker (E Numbers),6418432,1.99,6,0,3.5,Health & Fitness,
381477230,ゲーム発展国＋＋,191410176,4.99,6,0,4,Games,
409299054,SecurityCam for iPhone,10469376,0.99,6,1,1,Photo & Video,
432771571,Money Origami - Learn How to Fold Money,15350784,1.99,6,0,3.5,Reference,
450987651,VIBO RealMassager,4009984,0,6,1,3,Health & Fitness,
349079731,DOUBUTSU URANAI®-Animal Fortune-,38718464,0.99,5,0,4,Lifestyle,
378781805,Auto Palmistry Premium,44349440,2.99,5,0,3,Entertainment,
387310377,Free IQ Test: Calculate your IQ,4034560,0,5,1,2,Education,
447574907,Auto Palmistry,51680256,0,5,0,3,Entertainment,
463142843,twinkle,17612800,2.99,5,0,4,Entertainment,
463431091,Railway Route Search,46950400,0,5,0,3,Navigation,
453629018,Sight Recover 3D,22749184,0.99,1,1,1,Health & Fitness,
329174056,iLoan Calc (Loan calculator),3375104,3.99,0,0,0,Finance,
350480010,eBook: War and Peace,8039424,3.99,0,0,0,Book,
355709084,Jourist Weltübersetzer,147066880,7.99,0,0,0,Travel,
377321278,恵方コンパス.,41207059,0,0,0,0,Navigation,
379256460,「宅建士」過去問題《受験用》,24444928,3.99,0,0,0,Education,
389543438,Der Feueralarm,30711808,0.99,0,0,0,Entertainment,
391947489,iSleeping by iSommeil SARL,24419328,0,0,0,0,Medical,
394342281,Bowitter for iPhone,3174400,0.99,0,0,0,Social Networking,
398166286,出会い系アプリ i-Mail（アイメール）,3833856,0,0,0,0,Social Networking,
404529222,ファッション通販 ZOZOTOWN,43611136,0,0,0,0,Shopping,
411608323,花しらべ 花認識/花検索,813500416,6.99,0,0,0,Reference,
413246702,Verbrechen - echte Polizeifälle aus Deiner Umgebung,8161280,1.99,0,0,0,News,
413487517,ナビタイム ドライブサポーター - NAVITIMEのカーナビアプリ,125665280,0,0,0,0,Navigation,
422845617,OneCam,4324352,1.99,0,0,0,Photo & Video,
432278816,プチ・ロワイヤル仏和辞典（第4版）・和仏辞典（第3版）,205664256,47.99,0,0,0,Reference,
432455516,Round1 お得なクーポン毎週配信！,5999616,0,0,0,0,Sports,
436180275,Learn to Speak Italian Fast With MosaLingua,43553792,4.99,0,0,0,Education,
443324720,TOEIC®テスト文法640問1,10928128,2.99,0,0,0,Education,
445300213,Calc for Loan,880640,3.99,0,0,0,Finance,
447024088,自転車ナビ by NAVITIME(ナビタイム) - 自転車のナビができるアプリ,48708608,0,0,0,0,Navigation,
453670037,Kazehakase fu-ring bank - Tokoname & Nanbu,22928546,1.99,0,0,0,Entertainment,
463295925,The Official DVSA Theory Test Kit for Car Drivers,403332096,4.99,0,0,0,Education,
